id,image_link,availability
50407022P,https://cdn.jsdelivr.net/gh/valerka86/zelmer-meta-cards@main/50407022P.jpg?v=202609051323,out of stock
50407023P,https://cdn.jsdelivr.net/gh/valerka86/zelmer-meta-cards@main/50407023P.jpg?v=202609051323,out of stock
50407024P,https://cdn.jsdelivr.net/gh/valerka86/zelmer-meta-cards@main/50407024P.jpg?v=202609051323,out of stock
50407122P,https://cdn.jsdelivr.net/gh/valerka86/zelmer-meta-cards@main/50407122P.jpg?v=202609051323,out of stock
70104925P,https://cdn.jsdelivr.net/gh/valerka86/zelmer-meta-cards@main/70104925P.jpg?v=202609051323,out of stock
70305560P,https://cdn.jsdelivr.net/gh/valerka86/zelmer-meta-cards@main/70305560P.jpg?v=202609051323,out of stock
70305360P,https://cdn.jsdelivr.net/gh/valerka86/zelmer-meta-cards@main/70305360P.jpg?v=202609051323,out of stock
70305411P,https://cdn.jsdelivr.net/gh/valerka86/zelmer-meta-cards@main/70305411P.jpg?v=202609051323,out of stock
70305514P,https://cdn.jsdelivr.net/gh/valerka86/zelmer-meta-cards@main/70305514P.jpg?v=202609051323,in stock
70305673P,https://cdn.jsdelivr.net/gh/valerka86/zelmer-meta-cards@main/70305673P.jpg?v=202609051323,in stock
70305661P,https://cdn.jsdelivr.net/gh/valerka86/zelmer-meta-cards@main/70305661P.jpg?v=202609051323,out of stock
71405758P,https://cdn.jsdelivr.net/gh/valerka86/zelmer-meta-cards@main/71405758P.jpg?v=202609051323,in stock
70205773P,https://cdn.jsdelivr.net/gh/valerka86/zelmer-meta-cards@main/70205773P.jpg?v=202609051323,out of stock
70205752P,https://cdn.jsdelivr.net/gh/valerka86/zelmer-meta-cards@main/70205752P.jpg?v=202609051323,out of stock
70104657P,https://cdn.jsdelivr.net/gh/valerka86/zelmer-meta-cards@main/70104657P.jpg?v=202609051323,in stock
70105057P,https://cdn.jsdelivr.net/gh/valerka86/zelmer-meta-cards@main/70105057P.jpg?v=202609051323,out of stock
70105058P,https://cdn.jsdelivr.net/gh/valerka86/zelmer-meta-cards@main/70105058P.jpg?v=202609051323,out of stock
70105043P,https://cdn.jsdelivr.net/gh/valerka86/zelmer-meta-cards@main/70105043P.jpg?v=202609051323,in stock
70105599P,https://cdn.jsdelivr.net/gh/valerka86/zelmer-meta-cards@main/70105599P.jpg?v=202609051323,out of stock
70105598P,https://cdn.jsdelivr.net/gh/valerka86/zelmer-meta-cards@main/70105598P.jpg?v=202609051323,out of stock
70105560P,https://cdn.jsdelivr.net/gh/valerka86/zelmer-meta-cards@main/70105560P.jpg?v=202609051323,out of stock
70105595P,https://cdn.jsdelivr.net/gh/valerka86/zelmer-meta-cards@main/70105595P.jpg?v=202609051323,out of stock
70105597P,https://cdn.jsdelivr.net/gh/valerka86/zelmer-meta-cards@main/70105597P.jpg?v=202609051323,out of stock
70105596P,https://cdn.jsdelivr.net/gh/valerka86/zelmer-meta-cards@main/70105596P.jpg?v=202609051323,out of stock
70204641P,https://cdn.jsdelivr.net/gh/valerka86/zelmer-meta-cards@main/70204641P.jpg?v=202609051323,out of stock
71404983P,https://cdn.jsdelivr.net/gh/valerka86/zelmer-meta-cards@main/71404983P.jpg?v=202609051323,in stock
71405759P,https://cdn.jsdelivr.net/gh/valerka86/zelmer-meta-cards@main/71405759P.jpg?v=202609051323,out of stock
71405677P,https://cdn.jsdelivr.net/gh/valerka86/zelmer-meta-cards@main/71405677P.jpg?v=202609051323,in stock
72104702P,https://cdn.jsdelivr.net/gh/valerka86/zelmer-meta-cards@main/72104702P.jpg?v=202609051323,in stock
72105163P,https://cdn.jsdelivr.net/gh/valerka86/zelmer-meta-cards@main/72105163P.jpg?v=202609051323,out of stock
71804729P,https://cdn.jsdelivr.net/gh/valerka86/zelmer-meta-cards@main/71804729P.jpg?v=202609051323,in stock
70505446P,https://cdn.jsdelivr.net/gh/valerka86/zelmer-meta-cards@main/70505446P.jpg?v=202609051323,out of stock
71605462P,https://cdn.jsdelivr.net/gh/valerka86/zelmer-meta-cards@main/71605462P.jpg?v=202609051323,out of stock
70504716P,https://cdn.jsdelivr.net/gh/valerka86/zelmer-meta-cards@main/70504716P.jpg?v=202609051323,in stock
70504735P,https://cdn.jsdelivr.net/gh/valerka86/zelmer-meta-cards@main/70504735P.jpg?v=202609051323,in stock
70504736P,https://cdn.jsdelivr.net/gh/valerka86/zelmer-meta-cards@main/70504736P.jpg?v=202609051323,in stock
70504714P,https://cdn.jsdelivr.net/gh/valerka86/zelmer-meta-cards@main/70504714P.jpg?v=202609051323,in stock
70504991P,https://cdn.jsdelivr.net/gh/valerka86/zelmer-meta-cards@main/70504991P.jpg?v=202609051323,in stock
70504990P,https://cdn.jsdelivr.net/gh/valerka86/zelmer-meta-cards@main/70504990P.jpg?v=202609051323,in stock
70504933P,https://cdn.jsdelivr.net/gh/valerka86/zelmer-meta-cards@main/70504933P.jpg?v=202609051323,in stock
70505547P,https://cdn.jsdelivr.net/gh/valerka86/zelmer-meta-cards@main/70505547P.jpg?v=202609051323,in stock
70505488P,https://cdn.jsdelivr.net/gh/valerka86/zelmer-meta-cards@main/70505488P.jpg?v=202609051323,in stock
70505756P,https://cdn.jsdelivr.net/gh/valerka86/zelmer-meta-cards@main/70505756P.jpg?v=202609051323,in stock
70505781P,https://cdn.jsdelivr.net/gh/valerka86/zelmer-meta-cards@main/70505781P.jpg?v=202609051323,out of stock
71504676P,https://cdn.jsdelivr.net/gh/valerka86/zelmer-meta-cards@main/71504676P.jpg?v=202609051323,in stock
71504668P,https://cdn.jsdelivr.net/gh/valerka86/zelmer-meta-cards@main/71504668P.jpg?v=202609051323,in stock
71504672P,https://cdn.jsdelivr.net/gh/valerka86/zelmer-meta-cards@main/71504672P.jpg?v=202609051323,in stock
71504679P,https://cdn.jsdelivr.net/gh/valerka86/zelmer-meta-cards@main/71504679P.jpg?v=202609051323,in stock
71504677P,https://cdn.jsdelivr.net/gh/valerka86/zelmer-meta-cards@main/71504677P.jpg?v=202609051323,in stock
71504818P,https://cdn.jsdelivr.net/gh/valerka86/zelmer-meta-cards@main/71504818P.jpg?v=202609051323,in stock
71504741P,https://cdn.jsdelivr.net/gh/valerka86/zelmer-meta-cards@main/71504741P.jpg?v=202609051323,in stock
71505149P,https://cdn.jsdelivr.net/gh/valerka86/zelmer-meta-cards@main/71505149P.jpg?v=202609051323,out of stock
71505089P,https://cdn.jsdelivr.net/gh/valerka86/zelmer-meta-cards@main/71505089P.jpg?v=202609051323,in stock
71505025P,https://cdn.jsdelivr.net/gh/valerka86/zelmer-meta-cards@main/71505025P.jpg?v=202609051323,in stock
71504445P,https://cdn.jsdelivr.net/gh/valerka86/zelmer-meta-cards@main/71504445P.jpg?v=202609051323,out of stock
71505538P,https://cdn.jsdelivr.net/gh/valerka86/zelmer-meta-cards@main/71505538P.jpg?v=202609051323,in stock
71505422P,https://cdn.jsdelivr.net/gh/valerka86/zelmer-meta-cards@main/71505422P.jpg?v=202609051323,in stock
71505559P,https://cdn.jsdelivr.net/gh/valerka86/zelmer-meta-cards@main/71505559P.jpg?v=202609051323,in stock
71304703P,https://cdn.jsdelivr.net/gh/valerka86/zelmer-meta-cards@main/71304703P.jpg?v=202609051323,in stock
72504795P,https://cdn.jsdelivr.net/gh/valerka86/zelmer-meta-cards@main/72504795P.jpg?v=202609051323,in stock
71205603P,https://cdn.jsdelivr.net/gh/valerka86/zelmer-meta-cards@main/71205603P.jpg?v=202609051323,out of stock
70405326P,https://cdn.jsdelivr.net/gh/valerka86/zelmer-meta-cards@main/70405326P.jpg?v=202609051323,in stock
70505647P,https://cdn.jsdelivr.net/gh/valerka86/zelmer-meta-cards@main/70505647P.jpg?v=202609051323,in stock
70505767P,https://cdn.jsdelivr.net/gh/valerka86/zelmer-meta-cards@main/70505767P.jpg?v=202609051323,in stock
70505768P,https://cdn.jsdelivr.net/gh/valerka86/zelmer-meta-cards@main/70505768P.jpg?v=202609051323,out of stock
72805498P,https://cdn.jsdelivr.net/gh/valerka86/zelmer-meta-cards@main/72805498P.jpg?v=202609051323,in stock
72805693P,https://cdn.jsdelivr.net/gh/valerka86/zelmer-meta-cards@main/72805693P.jpg?v=202609051323,in stock
72805696P,https://cdn.jsdelivr.net/gh/valerka86/zelmer-meta-cards@main/72805696P.jpg?v=202609051323,in stock
72805692P,https://cdn.jsdelivr.net/gh/valerka86/zelmer-meta-cards@main/72805692P.jpg?v=202609051323,in stock
72805515P,https://cdn.jsdelivr.net/gh/valerka86/zelmer-meta-cards@main/72805515P.jpg?v=202609051323,in stock
73104470P,https://cdn.jsdelivr.net/gh/valerka86/zelmer-meta-cards@main/73104470P.jpg?v=202609051323,out of stock
73104722P,https://cdn.jsdelivr.net/gh/valerka86/zelmer-meta-cards@main/73104722P.jpg?v=202609051323,out of stock
73105635P,https://cdn.jsdelivr.net/gh/valerka86/zelmer-meta-cards@main/73105635P.jpg?v=202609051323,out of stock
70305706P,https://cdn.jsdelivr.net/gh/valerka86/zelmer-meta-cards@main/70305706P.jpg?v=202609051323,out of stock
70305707P,https://cdn.jsdelivr.net/gh/valerka86/zelmer-meta-cards@main/70305707P.jpg?v=202609051323,in stock
70305708P,https://cdn.jsdelivr.net/gh/valerka86/zelmer-meta-cards@main/70305708P.jpg?v=202609051323,in stock
70105834P,https://cdn.jsdelivr.net/gh/valerka86/zelmer-meta-cards@main/70105834P.jpg?v=202609051323,out of stock
70305820P,https://cdn.jsdelivr.net/gh/valerka86/zelmer-meta-cards@main/70305820P.jpg?v=202609051323,out of stock
70305818P,https://cdn.jsdelivr.net/gh/valerka86/zelmer-meta-cards@main/70305818P.jpg?v=202609051323,out of stock
70305727P,https://cdn.jsdelivr.net/gh/valerka86/zelmer-meta-cards@main/70305727P.jpg?v=202609051323,in stock
70305880P,https://cdn.jsdelivr.net/gh/valerka86/zelmer-meta-cards@main/70305880P.jpg?v=202609051323,out of stock
70205713P,https://cdn.jsdelivr.net/gh/valerka86/zelmer-meta-cards@main/70205713P.jpg?v=202609051323,out of stock
70305821P,https://cdn.jsdelivr.net/gh/valerka86/zelmer-meta-cards@main/70305821P.jpg?v=202609051323,out of stock
70305527P,https://cdn.jsdelivr.net/gh/valerka86/zelmer-meta-cards@main/70305527P.jpg?v=202609051323,out of stock
72805906P,https://cdn.jsdelivr.net/gh/valerka86/zelmer-meta-cards@main/72805906P.jpg?v=202609051323,in stock
70305529P,https://cdn.jsdelivr.net/gh/valerka86/zelmer-meta-cards@main/70305529P.jpg?v=202609051323,out of stock
71505726P,https://cdn.jsdelivr.net/gh/valerka86/zelmer-meta-cards@main/71505726P.jpg?v=202609051323,out of stock
71505951P,https://cdn.jsdelivr.net/gh/valerka86/zelmer-meta-cards@main/71505951P.jpg?v=202609051323,in stock
71507002P,https://cdn.jsdelivr.net/gh/valerka86/zelmer-meta-cards@main/71507002P.jpg?v=202609051323,in stock
70305881P,https://cdn.jsdelivr.net/gh/valerka86/zelmer-meta-cards@main/70305881P.jpg?v=202609051323,out of stock
72807001P,https://cdn.jsdelivr.net/gh/valerka86/zelmer-meta-cards@main/72807001P.jpg?v=202609051323,in stock
72805909P,https://cdn.jsdelivr.net/gh/valerka86/zelmer-meta-cards@main/72805909P.jpg?v=202609051323,in stock
72805910P,https://cdn.jsdelivr.net/gh/valerka86/zelmer-meta-cards@main/72805910P.jpg?v=202609051323,out of stock
70205957P,https://cdn.jsdelivr.net/gh/valerka86/zelmer-meta-cards@main/70205957P.jpg?v=202609051323,out of stock
71507020P,https://cdn.jsdelivr.net/gh/valerka86/zelmer-meta-cards@main/71507020P.jpg?v=202609051323,in stock
70307006P,https://cdn.jsdelivr.net/gh/valerka86/zelmer-meta-cards@main/70307006P.jpg?v=202609051323,in stock
71707053P,https://cdn.jsdelivr.net/gh/valerka86/zelmer-meta-cards@main/71707053P.jpg?v=202609051323,out of stock
70307008P,https://cdn.jsdelivr.net/gh/valerka86/zelmer-meta-cards@main/70307008P.jpg?v=202609051323,in stock
72807036P,https://cdn.jsdelivr.net/gh/valerka86/zelmer-meta-cards@main/72807036P.jpg?v=202609051323,in stock
71507021P,https://cdn.jsdelivr.net/gh/valerka86/zelmer-meta-cards@main/71507021P.jpg?v=202609051323,in stock
72807109P,https://cdn.jsdelivr.net/gh/valerka86/zelmer-meta-cards@main/72807109P.jpg?v=202609051323,out of stock
71507103P,https://cdn.jsdelivr.net/gh/valerka86/zelmer-meta-cards@main/71507103P.jpg?v=202609051323,in stock
70107067P,https://cdn.jsdelivr.net/gh/valerka86/zelmer-meta-cards@main/70107067P.jpg?v=202609051323,in stock
72807097P,https://cdn.jsdelivr.net/gh/valerka86/zelmer-meta-cards@main/72807097P.jpg?v=202609051323,in stock
71507059P,https://cdn.jsdelivr.net/gh/valerka86/zelmer-meta-cards@main/71507059P.jpg?v=202609051323,in stock
71507061P,https://cdn.jsdelivr.net/gh/valerka86/zelmer-meta-cards@main/71507061P.jpg?v=202609051323,in stock
70205943P,https://cdn.jsdelivr.net/gh/valerka86/zelmer-meta-cards@main/70205943P.jpg?v=202609051323,out of stock
70207087P,https://cdn.jsdelivr.net/gh/valerka86/zelmer-meta-cards@main/70207087P.jpg?v=202609051323,in stock
71507063P,https://cdn.jsdelivr.net/gh/valerka86/zelmer-meta-cards@main/71507063P.jpg?v=202609051323,in stock
71307033P,https://cdn.jsdelivr.net/gh/valerka86/zelmer-meta-cards@main/71307033P.jpg?v=202609051323,out of stock
71507104P,https://cdn.jsdelivr.net/gh/valerka86/zelmer-meta-cards@main/71507104P.jpg?v=202609051323,in stock
71507102P,https://cdn.jsdelivr.net/gh/valerka86/zelmer-meta-cards@main/71507102P.jpg?v=202609051323,in stock
72807099P,https://cdn.jsdelivr.net/gh/valerka86/zelmer-meta-cards@main/72807099P.jpg?v=202609051323,in stock
72807115P,https://cdn.jsdelivr.net/gh/valerka86/zelmer-meta-cards@main/72807115P.jpg?v=202609051323,in stock
71307088P,https://cdn.jsdelivr.net/gh/valerka86/zelmer-meta-cards@main/71307088P.jpg?v=202609051323,in stock
70107064P,https://cdn.jsdelivr.net/gh/valerka86/zelmer-meta-cards@main/70107064P.jpg?v=202609051323,out of stock
71505976P,https://cdn.jsdelivr.net/gh/valerka86/zelmer-meta-cards@main/71505976P.jpg?v=202609051323,in stock
70107080P,https://cdn.jsdelivr.net/gh/valerka86/zelmer-meta-cards@main/70107080P.jpg?v=202609051323,out of stock
70307096P,https://cdn.jsdelivr.net/gh/valerka86/zelmer-meta-cards@main/70307096P.jpg?v=202609051323,in stock
71507119P,https://cdn.jsdelivr.net/gh/valerka86/zelmer-meta-cards@main/71507119P.jpg?v=202609051323,in stock
71507120P,https://cdn.jsdelivr.net/gh/valerka86/zelmer-meta-cards@main/71507120P.jpg?v=202609051323,in stock
71507148P,https://cdn.jsdelivr.net/gh/valerka86/zelmer-meta-cards@main/71507148P.jpg?v=202609051323,in stock
70505755P,https://cdn.jsdelivr.net/gh/valerka86/zelmer-meta-cards@main/70505755P.jpg?v=202609051323,in stock
70307147P,https://cdn.jsdelivr.net/gh/valerka86/zelmer-meta-cards@main/70307147P.jpg?v=202609051323,out of stock
70307146P,https://cdn.jsdelivr.net/gh/valerka86/zelmer-meta-cards@main/70307146P.jpg?v=202609051323,in stock
70507118P,https://cdn.jsdelivr.net/gh/valerka86/zelmer-meta-cards@main/70507118P.jpg?v=202609051323,out of stock
60305070P,https://cdn.jsdelivr.net/gh/valerka86/zelmer-meta-cards@main/60305070P.jpg?v=202609051323,out of stock
60705633P,https://cdn.jsdelivr.net/gh/valerka86/zelmer-meta-cards@main/60705633P.jpg?v=202609051323,in stock
60705632P,https://cdn.jsdelivr.net/gh/valerka86/zelmer-meta-cards@main/60705632P.jpg?v=202609051323,in stock
60705631P,https://cdn.jsdelivr.net/gh/valerka86/zelmer-meta-cards@main/60705631P.jpg?v=202609051323,in stock
60205181P,https://cdn.jsdelivr.net/gh/valerka86/zelmer-meta-cards@main/60205181P.jpg?v=202609051323,out of stock
60204232P,https://cdn.jsdelivr.net/gh/valerka86/zelmer-meta-cards@main/60204232P.jpg?v=202609051323,out of stock
60905577P,https://cdn.jsdelivr.net/gh/valerka86/zelmer-meta-cards@main/60905577P.jpg?v=202609051323,out of stock
60905578P,https://cdn.jsdelivr.net/gh/valerka86/zelmer-meta-cards@main/60905578P.jpg?v=202609051323,out of stock
60305771P,https://cdn.jsdelivr.net/gh/valerka86/zelmer-meta-cards@main/60305771P.jpg?v=202609051323,in stock
60205944P,https://cdn.jsdelivr.net/gh/valerka86/zelmer-meta-cards@main/60205944P.jpg?v=202609051323,in stock
60307078P,https://cdn.jsdelivr.net/gh/valerka86/zelmer-meta-cards@main/60307078P.jpg?v=202609051323,in stock
60307077P,https://cdn.jsdelivr.net/gh/valerka86/zelmer-meta-cards@main/60307077P.jpg?v=202609051323,out of stock
60307083P,https://cdn.jsdelivr.net/gh/valerka86/zelmer-meta-cards@main/60307083P.jpg?v=202609051323,in stock
50407113P,https://cdn.jsdelivr.net/gh/valerka86/zelmer-meta-cards@main/50407113P.jpg?v=202609051323,out of stock
80104422P,https://cdn.jsdelivr.net/gh/valerka86/zelmer-meta-cards@main/80104422P.jpg?v=202609051323,out of stock
80104792P,https://cdn.jsdelivr.net/gh/valerka86/zelmer-meta-cards@main/80104792P.jpg?v=202609051323,out of stock
80104709P,https://cdn.jsdelivr.net/gh/valerka86/zelmer-meta-cards@main/80104709P.jpg?v=202609051323,out of stock
80105073P,https://cdn.jsdelivr.net/gh/valerka86/zelmer-meta-cards@main/80105073P.jpg?v=202609051323,out of stock
80105526P,https://cdn.jsdelivr.net/gh/valerka86/zelmer-meta-cards@main/80105526P.jpg?v=202609051323,out of stock
80404272P,https://cdn.jsdelivr.net/gh/valerka86/zelmer-meta-cards@main/80404272P.jpg?v=202609051323,out of stock
80405586P,https://cdn.jsdelivr.net/gh/valerka86/zelmer-meta-cards@main/80405586P.jpg?v=202609051323,out of stock
80205626P,https://cdn.jsdelivr.net/gh/valerka86/zelmer-meta-cards@main/80205626P.jpg?v=202609051323,out of stock
81105134P,https://cdn.jsdelivr.net/gh/valerka86/zelmer-meta-cards@main/81105134P.jpg?v=202609051323,in stock
81105417P,https://cdn.jsdelivr.net/gh/valerka86/zelmer-meta-cards@main/81105417P.jpg?v=202609051323,in stock
81605701P,https://cdn.jsdelivr.net/gh/valerka86/zelmer-meta-cards@main/81605701P.jpg?v=202609051323,out of stock
81605703P,https://cdn.jsdelivr.net/gh/valerka86/zelmer-meta-cards@main/81605703P.jpg?v=202609051323,in stock
81605702P,https://cdn.jsdelivr.net/gh/valerka86/zelmer-meta-cards@main/81605702P.jpg?v=202609051323,out of stock
80305819P,https://cdn.jsdelivr.net/gh/valerka86/zelmer-meta-cards@main/80305819P.jpg?v=202609051323,out of stock
81605776P,https://cdn.jsdelivr.net/gh/valerka86/zelmer-meta-cards@main/81605776P.jpg?v=202609051323,in stock
80405967P,https://cdn.jsdelivr.net/gh/valerka86/zelmer-meta-cards@main/80405967P.jpg?v=202609051323,out of stock
81405962P,https://cdn.jsdelivr.net/gh/valerka86/zelmer-meta-cards@main/81405962P.jpg?v=202609051323,out of stock
81405974P,https://cdn.jsdelivr.net/gh/valerka86/zelmer-meta-cards@main/81405974P.jpg?v=202609051323,out of stock
81405973P,https://cdn.jsdelivr.net/gh/valerka86/zelmer-meta-cards@main/81405973P.jpg?v=202609051323,in stock
81405975P,https://cdn.jsdelivr.net/gh/valerka86/zelmer-meta-cards@main/81405975P.jpg?v=202609051323,in stock
81605775P,https://cdn.jsdelivr.net/gh/valerka86/zelmer-meta-cards@main/81605775P.jpg?v=202609051323,in stock
81605777P,https://cdn.jsdelivr.net/gh/valerka86/zelmer-meta-cards@main/81605777P.jpg?v=202609051323,in stock
81107018P,https://cdn.jsdelivr.net/gh/valerka86/zelmer-meta-cards@main/81107018P.jpg?v=202609051323,in stock
80405977P,https://cdn.jsdelivr.net/gh/valerka86/zelmer-meta-cards@main/80405977P.jpg?v=202609051323,in stock
80105959P,https://cdn.jsdelivr.net/gh/valerka86/zelmer-meta-cards@main/80105959P.jpg?v=202609051323,out of stock
81607025P,https://cdn.jsdelivr.net/gh/valerka86/zelmer-meta-cards@main/81607025P.jpg?v=202609051323,in stock
80105675P,https://cdn.jsdelivr.net/gh/valerka86/zelmer-meta-cards@main/80105675P.jpg?v=202609051323,in stock
81405921P,https://cdn.jsdelivr.net/gh/valerka86/zelmer-meta-cards@main/81405921P.jpg?v=202609051323,in stock
80307117P,https://cdn.jsdelivr.net/gh/valerka86/zelmer-meta-cards@main/80307117P.jpg?v=202609051323,out of stock
80107041P,https://cdn.jsdelivr.net/gh/valerka86/zelmer-meta-cards@main/80107041P.jpg?v=202609051323,in stock
80107042P,https://cdn.jsdelivr.net/gh/valerka86/zelmer-meta-cards@main/80107042P.jpg?v=202609051323,in stock
80107043P,https://cdn.jsdelivr.net/gh/valerka86/zelmer-meta-cards@main/80107043P.jpg?v=202609051323,in stock
81107084P,https://cdn.jsdelivr.net/gh/valerka86/zelmer-meta-cards@main/81107084P.jpg?v=202609051323,in stock
81107085P,https://cdn.jsdelivr.net/gh/valerka86/zelmer-meta-cards@main/81107085P.jpg?v=202609051323,in stock
81104753P,https://cdn.jsdelivr.net/gh/valerka86/zelmer-meta-cards@main/81104753P.jpg?v=202609051323,in stock
